{"iotlt":{"name":"iotlt","event":258,"presentation":885,"presentationPerEvent":3.4302325581395348,"uniq_member":9838,"total_member":21062,"new_rate":0.4670971417719115},"enebular":{"name":"enebular","event":32,"presentation":83,"presentationPerEvent":2.59375,"uniq_member":419,"total_member":569,"new_rate":0.7363796133567663}}