{"iotlt":{"name":"iotlt","event":248,"presentation":852,"presentationPerEvent":3.435483870967742,"uniq_member":9708,"total_member":20622,"new_rate":0.4707593831830084},"enebular":{"name":"enebular","event":29,"presentation":76,"presentationPerEvent":2.6206896551724137,"uniq_member":384,"total_member":509,"new_rate":0.7544204322200393}}